epoch,train_loss,lr,train_auc_pr,val_auc_pr,val_f1,dev_window_f1,dev_window_auc_pr,dev_window_threshold,dev_event_f1,dev_event_auc_pr,select_key
1,0.8093248885505053,0.0008,0.9539850008645221,0.947197729342073,0.746268656716418,1.0,1.0,0.5971845269203186,0.7972972972972973,0.834247691902777,"[1.0, 0.8342, 0.7463]"
2,0.5861306707469784,0.0008,0.9673703805418311,0.9913770859943518,0.7261410788381742,1.0,1.0,0.5745560944080352,0.8114285714285714,0.8893829181410187,"[1.0, 0.8894, 0.7261]"
3,0.5342088584997216,0.0008,0.9819247725700821,0.9956508186891113,0.875,1.0,1.0,0.5985690116882324,0.8538011695906432,0.9101976770997666,"[1.0, 0.9102, 0.875]"
4,0.516546115583303,0.0008,0.9700254904503406,0.9932944347012062,0.8120649651972158,1.0,1.0,0.8898792862892151,0.8774193548387097,0.9041133020410157,"[1.0, 0.9041, 0.8121]"
5,0.51066733592627,0.0008,0.9946934747350672,0.9952134892415493,0.9138381201044387,1.0,1.0,0.8422187745571137,0.8205128205128205,0.8755437968559489,"[1.0, 0.8755, 0.9138]"
6,0.49640845552999147,0.0008,0.9963345148894515,0.9987562574448319,0.9433962264150944,1.0,1.0,0.5957457184791565,0.8620689655172413,0.8910859525100568,"[1.0, 0.8911, 0.9434]"
7,0.49120680486061136,0.0008,0.9951378012117457,0.9966668143896981,0.9234828496042217,1.0,1.0,0.6500770509243011,0.8299319727891157,0.9115384640667131,"[1.0, 0.9115, 0.9235]"
8,0.48815079824048646,0.0008,0.9912124025543115,0.9948457690410992,0.9510869565217391,1.0,1.0,0.9547513842582702,0.7954545454545454,0.8573148013195558,"[1.0, 0.8573, 0.9511]"
9,0.48106280014831193,0.0008,0.9936227941299357,0.9974202608075666,0.9333333333333333,1.0,1.0,0.8843677461147308,0.8,0.834786749427871,"[1.0, 0.8348, 0.9333]"
10,0.4794437486906441,0.0008,0.9963587629099927,0.8697082922787657,0.938337801608579,1.0,1.0,0.7891769289970398,0.8048780487804879,0.8054465846584348,"[1.0, 0.8054, 0.9383]"
11,0.47583949885198046,0.0008,0.994822403540303,0.8579393282707473,0.9234828496042217,1.0,1.0,0.8759112358093262,0.746268656716418,0.7957330378069154,"[1.0, 0.7957, 0.9235]"
12,0.46439909037886834,0.0004,0.9932132198867848,0.8584574428788876,0.938337801608579,1.0,1.0,0.9012787401676178,0.7513227513227513,0.8033717428607964,"[1.0, 0.8034, 0.9383]"
13,0.4605134946047043,0.0004,0.9941872625559911,0.8574042741207,0.938337801608579,1.0,1.0,0.9062062203884125,0.72,0.766111987007618,"[1.0, 0.7661, 0.9383]"
