run_id,collector,aws_account,technique_id,tactic,rep_index,start_ts_utc,end_ts_utc,warmup_status,detonate_status,revert_status,cleanup_status,expected_events,notes,_source_file
dda18147-1ed2-43e9-b5ab-f15428da13c3,akshaya,261390480702,aws.persistence.iam-create-user-login-profile,persistence,2,2026-07-10T11:19:57.721148+00:00,2026-07-10T11:21:43.069785+00:00,ok,ok,ok,ok,CreateLoginProfile,,manifest_akshaya.csv
33372aa6-9b08-4ee3-bc0a-e1974986c24f,akshaya,261390480702,aws.privilege-escalation.iam-update-user-login-profile,privilege-escalation,1,2026-07-10T11:21:43.071681+00:00,2026-07-10T11:28:33.346969+00:00,ok,ok,ok,ok,UpdateLoginProfile,,manifest_akshaya.csv
7016eaaa-e7a7-4e06-aa98-848626b62a1a,akshaya,261390480702,aws.credential-access.ssm-retrieve-securestring-parameters,credential-access,1,2026-07-10T11:28:33.351500+00:00,2026-07-10T11:38:15.714194+00:00,ok,ok,ok,ok,DescribeParameters;GetParameters,,manifest_akshaya.csv
133467c6-c849-4b6b-8876-fc0309cfdec8,akshaya,261390480702,aws.persistence.iam-backdoor-user,persistence,2,2026-07-10T11:38:15.716188+00:00,2026-07-10T11:39:13.789721+00:00,ok,ok,ok,ok,CreateAccessKey,,manifest_akshaya.csv
b724e6bc-1bd3-44d6-bd72-d412d93e8b23,akshaya,261390480702,aws.persistence.iam-create-backdoor-role,persistence,3,2026-07-10T11:39:13.793440+00:00,2026-07-10T11:45:35.301773+00:00,ok,ok,ok,ok,CreateRole;AttachRolePolicy,,manifest_akshaya.csv
37fd1920-7610-41d3-91dc-ae32d3d79803,akshaya,261390480702,aws.credential-access.secretsmanager-retrieve-secrets,credential-access,3,2026-07-10T11:45:35.302923+00:00,2026-07-10T11:46:57.091532+00:00,ok,ok,ok,ok,ListSecrets;GetSecretValue,,manifest_akshaya.csv
e8eb1964-52eb-4dd5-a592-f365b3eb1426,akshaya,261390480702,aws.persistence.iam-create-user-login-profile,persistence,3,2026-07-10T11:46:57.093385+00:00,2026-07-10T11:47:58.736487+00:00,ok,ok,ok,ok,CreateLoginProfile,,manifest_akshaya.csv
a8c19d42-b76c-44b6-af83-bde28638bd60,akshaya,261390480702,aws.credential-access.secretsmanager-retrieve-secrets,credential-access,2,2026-07-10T11:47:58.738367+00:00,2026-07-10T11:49:31.751166+00:00,ok,ok,ok,ok,ListSecrets;GetSecretValue,,manifest_akshaya.csv
e5d45bcd-dea1-42d1-9a1c-8e20afe91ef5,akshaya,261390480702,aws.defense-evasion.cloudtrail-event-selectors,defense-evasion,3,2026-07-10T11:49:31.753289+00:00,2026-07-10T11:50:39.621093+00:00,ok,ok,ok,ok,PutEventSelectors,,manifest_akshaya.csv
8f274a95-aca6-447e-b086-a25bad5cdc14,akshaya,261390480702,aws.persistence.lambda-backdoor-function,persistence,2,2026-07-10T11:50:39.624298+00:00,2026-07-10T12:06:17.517762+00:00,FAILED,,,FAILED - MANUAL CHECK NEEDED,AddPermission20150331v2,"warmup: mbda"":
  24: resource ""aws_iam_role"" ""lambda"" {


Error: Error uploading object to S3 bucket (stratus-red-team-backdoor-f-bucket-ahuyctlngp): RequestError: send request failed
caused by: Put ""https://stratus-red-team-backdoor-f-bucket-ahuyctlngp.s3.amazonaws.com/index.zip"": read tcp 192.168.1.11:58946->16.15.191.115:443: read: connection reset by peer

  with aws_s3_bucket_object.code,
  on main.tf line 54, in resource ""aws_s3_bucket_object"" ""code"":
  54: resource ""aws_s3_bucket_object"" ""code"" { | cleanup: ----------------------------------------------+--------+
| ID                                       | NAME                                                   | STATUS |
+------------------------------------------+--------------------------------------------------------+--------+
| aws.persistence.lambda-backdoor-function | Backdoor Lambda Function Through Resource-Based Policy | COLD   |
+------------------------------------------+--------------------------------------------------------+--------+",manifest_akshaya.csv
bdf148bc-b721-4626-b454-a13ed8f95960,akshaya,261390480702,aws.credential-access.ssm-retrieve-securestring-parameters,credential-access,2,2026-07-10T12:06:17.518950+00:00,2026-07-10T12:09:58.075947+00:00,ok,ok,ok,ok,DescribeParameters;GetParameters,,manifest_akshaya.csv
1db14c8e-c5f1-49f5-b7d1-86490b28dd96,akshaya,261390480702,aws.defense-evasion.cloudtrail-stop,defense-evasion,2,2026-07-10T12:09:58.080970+00:00,2026-07-10T12:11:23.347432+00:00,ok,ok,ok,ok,StopLogging,,manifest_akshaya.csv
d746600f-5a89-4c3a-9cce-1c5e82bdf549,akshaya,261390480702,aws.defense-evasion.cloudtrail-event-selectors,defense-evasion,1,2026-07-10T12:11:23.349654+00:00,2026-07-10T12:12:50.471078+00:00,ok,ok,ok,ok,PutEventSelectors,,manifest_akshaya.csv
0fb46289-1494-4761-a26d-2e78cdc40a6b,akshaya,261390480702,aws.credential-access.ec2-get-password-data,credential-access,3,2026-07-10T12:12:50.473066+00:00,2026-07-10T12:14:17.023437+00:00,ok,ok,ok,ok,AssumeRole;GetPasswordData,,manifest_akshaya.csv
a06af423-0472-4769-8291-ccbb899c2334,akshaya,261390480702,aws.persistence.iam-create-admin-user,persistence,3,2026-07-10T12:14:17.025711+00:00,2026-07-10T12:15:15.006509+00:00,ok,ok,ok,ok,CreateUser;AttachUserPolicy,,manifest_akshaya.csv
03cbf9df-f16d-4a70-9e71-5a75db09433b,akshaya,261390480702,aws.persistence.lambda-backdoor-function,persistence,1,2026-07-10T12:15:15.007256+00:00,2026-07-10T12:16:46.174992+00:00,ok,ok,ok,ok,AddPermission20150331v2,,manifest_akshaya.csv
6467cfac-fca2-49ec-b260-4b942fccd61e,akshaya,261390480702,aws.defense-evasion.cloudtrail-stop,defense-evasion,3,2026-07-10T12:16:46.176665+00:00,2026-07-10T12:18:07.143362+00:00,ok,ok,ok,ok,StopLogging,,manifest_akshaya.csv
c8998335-f5c1-4700-ab41-0020eb0b4b0f,akshaya,261390480702,aws.privilege-escalation.iam-update-user-login-profile,privilege-escalation,3,2026-07-10T12:18:07.146086+00:00,2026-07-10T12:34:05.776777+00:00,ok,ok,ok,ok,UpdateLoginProfile,,manifest_akshaya.csv
7bf688b8-0791-4343-94e3-2739fbd9c48e,akshaya,261390480702,aws.credential-access.secretsmanager-retrieve-secrets,credential-access,1,2026-07-10T12:34:05.778628+00:00,2026-07-10T12:49:21.253462+00:00,ok,ok,ok,ok,ListSecrets;GetSecretValue,,manifest_akshaya.csv
34b66b33-06bb-4df2-8429-6e8a8ae202df,akshaya,261390480702,aws.credential-access.ec2-get-password-data,credential-access,2,2026-07-10T12:49:21.257026+00:00,2026-07-10T12:50:34.034654+00:00,ok,ok,ok,ok,AssumeRole;GetPasswordData,,manifest_akshaya.csv
b4edc82f-f076-4d31-9145-78bd1eca4ee0,akshaya,261390480702,aws.persistence.iam-create-admin-user,persistence,2,2026-07-10T12:50:34.036720+00:00,2026-07-10T12:51:06.978668+00:00,ok,ok,ok,ok,CreateUser;AttachUserPolicy,,manifest_akshaya.csv
45549545-2e73-498d-8d6e-00969d1d09d5,akshaya,261390480702,aws.persistence.lambda-backdoor-function,persistence,3,2026-07-10T12:51:06.980203+00:00,2026-07-10T13:04:39.229474+00:00,ok,ok,ok,ok,AddPermission20150331v2,,manifest_akshaya.csv
8f3c2e75-b4f4-44f0-874a-37f6574bb32b,akshaya,261390480702,aws.persistence.iam-backdoor-user,persistence,1,2026-07-10T13:04:39.231923+00:00,2026-07-10T13:05:50.939061+00:00,ok,ok,ok,ok,CreateAccessKey,,manifest_akshaya.csv
32235d30-5754-4ee7-8149-50e7c5e12b74,akshaya,261390480702,aws.persistence.iam-create-backdoor-role,persistence,1,2026-07-10T13:05:50.941582+00:00,2026-07-10T13:06:31.422047+00:00,ok,ok,ok,ok,CreateRole;AttachRolePolicy,,manifest_akshaya.csv
51802367-8cd9-4137-a03a-bc9361ccfb08,akshaya,261390480702,aws.persistence.iam-backdoor-user,persistence,3,2026-07-10T13:06:31.422411+00:00,2026-07-10T13:07:30.869299+00:00,ok,ok,ok,ok,CreateAccessKey,,manifest_akshaya.csv
52a3447a-6f69-49a2-ac1b-8f707160ddef,akshaya,261390480702,aws.defense-evasion.cloudtrail-stop,defense-evasion,1,2026-07-10T13:07:30.871458+00:00,2026-07-10T13:08:56.633620+00:00,ok,ok,ok,ok,StopLogging,,manifest_akshaya.csv
d7dce615-66be-4cc6-a9f2-f083de6e68f9,akshaya,261390480702,aws.credential-access.ssm-retrieve-securestring-parameters,credential-access,3,2026-07-10T13:08:56.635469+00:00,2026-07-10T13:10:54.049535+00:00,ok,ok,ok,ok,DescribeParameters;GetParameters,,manifest_akshaya.csv
141a862a-b6b8-47f9-a983-5de32b6bd240,akshaya,261390480702,aws.persistence.iam-create-admin-user,persistence,1,2026-07-10T13:10:54.053924+00:00,2026-07-10T13:11:35.603244+00:00,ok,ok,ok,ok,CreateUser;AttachUserPolicy,,manifest_akshaya.csv
b9c5a1ce-0599-46ce-aeef-74e953c893f4,akshaya,261390480702,aws.privilege-escalation.iam-update-user-login-profile,privilege-escalation,2,2026-07-10T13:11:35.603702+00:00,2026-07-10T13:12:54.193914+00:00,ok,ok,ok,ok,UpdateLoginProfile,,manifest_akshaya.csv
de9bee6d-f636-450a-a9f2-848537c7395e,akshaya,261390480702,aws.defense-evasion.cloudtrail-event-selectors,defense-evasion,2,2026-07-10T13:12:54.195472+00:00,2026-07-10T13:14:22.438767+00:00,ok,ok,ok,ok,PutEventSelectors,,manifest_akshaya.csv
8ca05f02-958a-4e06-bb3f-0f422951d774,akshaya,261390480702,aws.persistence.iam-create-backdoor-role,persistence,2,2026-07-10T13:14:22.440893+00:00,2026-07-10T13:15:02.100426+00:00,ok,ok,ok,ok,CreateRole;AttachRolePolicy,,manifest_akshaya.csv
809ba1b1-c055-4430-b3fe-3ff9e8d7d623,akshaya,261390480702,aws.credential-access.ec2-get-password-data,credential-access,1,2026-07-10T13:15:02.102020+00:00,2026-07-10T13:16:12.973834+00:00,ok,ok,ok,ok,AssumeRole;GetPasswordData,,manifest_akshaya.csv
55eb558c-5f57-434a-b9f0-650561991687,akshaya,261390480702,aws.persistence.iam-create-user-login-profile,persistence,1,2026-07-10T13:16:12.975877+00:00,2026-07-10T13:17:33.947735+00:00,ok,ok,ok,ok,CreateLoginProfile,,manifest_akshaya.csv
19b86fdc-0337-47b9-beda-524c87dbaddc,udita2,482745810921,aws.persistence.iam-create-admin-user,persistence,3,2026-07-09T16:23:11.296326+00:00,2026-07-09T16:24:06.452351+00:00,ok,ok,ok,ok,CreateUser;AttachUserPolicy,,manifest_udita2.csv
54cf69f3-c793-42c7-b7ee-b865a8508152,udita2,482745810921,aws.persistence.iam-backdoor-user,persistence,1,2026-07-09T16:24:06.453277+00:00,2026-07-09T16:25:17.287554+00:00,ok,ok,ok,ok,CreateAccessKey,,manifest_udita2.csv
11ebe472-7aba-4bc9-9d78-7ddeb33d7175,udita2,482745810921,aws.persistence.lambda-backdoor-function,persistence,2,2026-07-09T16:25:17.288712+00:00,2026-07-09T16:27:18.724081+00:00,ok,ok,ok,ok,AddPermission20150331v2,,manifest_udita2.csv
6e3458ce-a958-4820-b5e0-ca5e472ad165,udita2,482745810921,aws.persistence.iam-create-user-login-profile,persistence,1,2026-07-09T16:27:18.725666+00:00,2026-07-09T16:28:34.547379+00:00,ok,ok,ok,ok,CreateLoginProfile,,manifest_udita2.csv
41a594e9-9307-4601-a50f-19807ab6c381,udita2,482745810921,aws.persistence.iam-backdoor-user,persistence,2,2026-07-09T16:28:34.548594+00:00,2026-07-09T16:30:03.981702+00:00,ok,ok,ok,ok,CreateAccessKey,,manifest_udita2.csv
9e9c00f1-b9bd-4dc5-9237-ecc6e3050064,udita2,482745810921,aws.persistence.iam-create-admin-user,persistence,1,2026-07-09T16:30:03.982907+00:00,2026-07-09T16:30:36.273564+00:00,ok,ok,ok,ok,CreateUser;AttachUserPolicy,,manifest_udita2.csv
251c72e0-b676-49aa-affe-a09f6d13c026,udita2,482745810921,aws.persistence.lambda-backdoor-function,persistence,1,2026-07-09T16:30:36.274768+00:00,2026-07-09T16:32:45.098284+00:00,ok,ok,ok,ok,AddPermission20150331v2,,manifest_udita2.csv
9bf69c21-3172-4afe-a865-b1c3ad311f12,udita2,482745810921,aws.privilege-escalation.iam-update-user-login-profile,privilege-escalation,2,2026-07-09T16:32:45.099846+00:00,2026-07-09T16:33:51.007773+00:00,ok,ok,ok,ok,UpdateLoginProfile,,manifest_udita2.csv
a69deeca-62aa-4738-aaae-b4607212274e,udita2,482745810921,aws.credential-access.ssm-retrieve-securestring-parameters,credential-access,3,2026-07-09T16:33:51.009187+00:00,2026-07-09T16:35:51.871272+00:00,ok,ok,ok,ok,DescribeParameters;GetParameters,,manifest_udita2.csv
8e4358f8-0bc2-4203-9b01-e9d6339df51a,udita2,482745810921,aws.credential-access.secretsmanager-retrieve-secrets,credential-access,3,2026-07-09T16:35:51.872716+00:00,2026-07-09T16:37:34.838300+00:00,ok,ok,ok,ok,ListSecrets;GetSecretValue,,manifest_udita2.csv
bf17c4b8-f0ea-4b53-a8ba-31daf5160ea3,udita2,482745810921,aws.privilege-escalation.iam-update-user-login-profile,privilege-escalation,1,2026-07-09T16:37:34.839639+00:00,2026-07-09T16:38:45.010188+00:00,ok,ok,ok,ok,UpdateLoginProfile,,manifest_udita2.csv
9ab4c580-7879-46d3-9d11-b5130ecea558,udita2,482745810921,aws.defense-evasion.cloudtrail-event-selectors,defense-evasion,1,2026-07-09T16:38:45.011540+00:00,2026-07-09T16:40:41.694233+00:00,ok,ok,ok,ok,PutEventSelectors,,manifest_udita2.csv
ac02040b-9346-4491-a049-23fcacbc153e,udita2,482745810921,aws.persistence.iam-create-admin-user,persistence,2,2026-07-09T16:40:41.695342+00:00,2026-07-09T16:41:05.826878+00:00,ok,ok,ok,ok,CreateUser;AttachUserPolicy,,manifest_udita2.csv
afcb2bfd-c020-476b-a1f1-44775ab9c378,udita2,482745810921,aws.credential-access.secretsmanager-retrieve-secrets,credential-access,2,2026-07-09T16:41:05.827703+00:00,2026-07-09T16:42:28.798001+00:00,ok,ok,ok,ok,ListSecrets;GetSecretValue,,manifest_udita2.csv
6d6fc500-6260-4d4c-b3ea-09025b41e1aa,udita2,482745810921,aws.credential-access.ssm-retrieve-securestring-parameters,credential-access,2,2026-07-09T16:42:28.799209+00:00,2026-07-09T16:44:37.784304+00:00,ok,ok,ok,ok,DescribeParameters;GetParameters,,manifest_udita2.csv
71fc6000-83aa-44f3-89d6-ffef9b94f85d,udita2,482745810921,aws.credential-access.ec2-get-password-data,credential-access,2,2026-07-09T16:44:37.785535+00:00,2026-07-09T16:46:17.458490+00:00,ok,ok,ok,ok,AssumeRole;GetPasswordData,,manifest_udita2.csv
75c30074-9ba5-417c-98e9-fa73bfa737dc,udita2,482745810921,aws.persistence.iam-create-user-login-profile,persistence,2,2026-07-09T16:46:17.459846+00:00,2026-07-09T16:47:44.884060+00:00,ok,ok,ok,ok,CreateLoginProfile,,manifest_udita2.csv
81bb479b-32d8-43ae-a676-7cb5e2553ea0,udita2,482745810921,aws.persistence.lambda-backdoor-function,persistence,3,2026-07-09T16:47:44.885081+00:00,2026-07-09T16:49:20.323965+00:00,ok,ok,ok,ok,AddPermission20150331v2,,manifest_udita2.csv
d66dd324-b11e-4762-a1b9-bb1c0d7d48d3,udita2,482745810921,aws.persistence.iam-backdoor-user,persistence,3,2026-07-09T16:49:20.324786+00:00,2026-07-09T16:50:43.137047+00:00,ok,ok,ok,ok,CreateAccessKey,,manifest_udita2.csv
8389ecfa-901a-4fb8-9854-14a81cf3b4e1,udita2,482745810921,aws.defense-evasion.cloudtrail-stop,defense-evasion,2,2026-07-09T16:50:43.138342+00:00,2026-07-09T16:52:18.957883+00:00,ok,ok,ok,ok,StopLogging,,manifest_udita2.csv
1ad438f3-63db-4216-b858-43c70937ccc0,udita2,482745810921,aws.credential-access.ssm-retrieve-securestring-parameters,credential-access,1,2026-07-09T16:52:18.959479+00:00,2026-07-09T16:54:23.689782+00:00,ok,ok,ok,ok,DescribeParameters;GetParameters,,manifest_udita2.csv
1196b91d-f5e3-42be-b51c-9e20d00418b3,udita2,482745810921,aws.persistence.iam-create-user-login-profile,persistence,3,2026-07-09T16:54:23.690986+00:00,2026-07-09T16:55:52.416058+00:00,ok,ok,ok,ok,CreateLoginProfile,,manifest_udita2.csv
e0c125e2-088f-4cd4-b640-bba7ac763f60,udita2,482745810921,aws.defense-evasion.cloudtrail-event-selectors,defense-evasion,3,2026-07-09T16:55:52.418003+00:00,2026-07-09T16:57:29.736257+00:00,ok,ok,ok,ok,PutEventSelectors,,manifest_udita2.csv
010cac40-d64c-4fd3-acaa-93f76fb978da,udita2,482745810921,aws.persistence.iam-create-backdoor-role,persistence,2,2026-07-09T16:57:29.737841+00:00,2026-07-09T16:58:14.784296+00:00,ok,ok,ok,ok,CreateRole;AttachRolePolicy,,manifest_udita2.csv
41144cf9-f2f7-411c-8975-bee84ce2804b,udita2,482745810921,aws.persistence.iam-create-backdoor-role,persistence,3,2026-07-09T16:58:14.785400+00:00,2026-07-09T16:59:14.821348+00:00,ok,ok,ok,ok,CreateRole;AttachRolePolicy,,manifest_udita2.csv
349a2385-c6ff-4b3e-9dca-da57624bdb25,udita2,482745810921,aws.credential-access.ec2-get-password-data,credential-access,3,2026-07-09T16:59:14.822359+00:00,2026-07-09T17:01:06.088648+00:00,ok,ok,ok,ok,AssumeRole;GetPasswordData,,manifest_udita2.csv
66a76560-8c15-4788-8278-8eef13325f51,udita2,482745810921,aws.defense-evasion.cloudtrail-stop,defense-evasion,3,2026-07-09T17:01:06.089929+00:00,2026-07-09T17:02:55.915523+00:00,ok,ok,ok,ok,StopLogging,,manifest_udita2.csv
440d8fb2-fa36-4d8c-a34f-0c3dd81c4fc4,udita2,482745810921,aws.defense-evasion.cloudtrail-event-selectors,defense-evasion,2,2026-07-09T17:02:55.916769+00:00,2026-07-09T17:04:49.169302+00:00,ok,ok,ok,ok,PutEventSelectors,,manifest_udita2.csv
885c24c5-5d20-438d-ae55-c5f9e6ba2b0c,udita2,482745810921,aws.credential-access.secretsmanager-retrieve-secrets,credential-access,1,2026-07-09T17:04:49.170382+00:00,2026-07-09T17:06:29.950477+00:00,ok,ok,ok,ok,ListSecrets;GetSecretValue,,manifest_udita2.csv
626d4ead-c495-444b-bb80-c111377337cf,udita2,482745810921,aws.credential-access.ec2-get-password-data,credential-access,1,2026-07-09T17:06:29.951467+00:00,2026-07-09T17:08:26.817060+00:00,ok,ok,ok,ok,AssumeRole;GetPasswordData,,manifest_udita2.csv
52feb31d-557a-4885-8203-0d7b23b2dd16,udita2,482745810921,aws.persistence.iam-create-backdoor-role,persistence,1,2026-07-09T17:08:26.818440+00:00,2026-07-09T17:09:08.525088+00:00,ok,ok,ok,ok,CreateRole;AttachRolePolicy,,manifest_udita2.csv
5b4b0db3-544c-421c-b0e6-ae8f27e4f1a1,udita2,482745810921,aws.privilege-escalation.iam-update-user-login-profile,privilege-escalation,3,2026-07-09T17:09:08.526205+00:00,2026-07-09T17:10:41.513361+00:00,ok,ok,ok,ok,UpdateLoginProfile,,manifest_udita2.csv
051e0110-d3f1-4b3a-abc7-95729a2060b8,udita2,482745810921,aws.defense-evasion.cloudtrail-stop,defense-evasion,1,2026-07-09T17:10:41.514458+00:00,2026-07-09T17:12:23.046898+00:00,ok,ok,ok,ok,StopLogging,,manifest_udita2.csv
0d36ed8f-e818-4162-ae81-1d4c1b43b18d,udita,482745810921,aws.credential-access.ec2-get-password-data,credential-access,1,2026-07-08T18:34:41.791291+00:00,2026-07-08T18:39:05.253488+00:00,ok,ok,ok,ok,AssumeRole;GetPasswordData,,manifest_udita_1.csv
0c17779d-a389-4283-a707-5885a9802019,udita,482745810921,aws.credential-access.ec2-get-password-data,credential-access,3,2026-07-08T18:39:05.255334+00:00,2026-07-08T18:41:30.398998+00:00,ok,ok,ok,ok,AssumeRole;GetPasswordData,,manifest_udita_1.csv
e7a43a58-41be-4770-aef5-757c43c50590,udita,482745810921,aws.persistence.lambda-backdoor-function,persistence,2,2026-07-08T18:41:30.400986+00:00,2026-07-08T18:44:55.011829+00:00,ok,ok,ok,ok,AddPermission20150331v2,,manifest_udita_1.csv
0bb52f71-0b75-4d38-8a40-2add584fe999,udita,482745810921,aws.defense-evasion.cloudtrail-stop,defense-evasion,2,2026-07-08T18:44:55.013741+00:00,2026-07-08T18:49:52.750864+00:00,ok,ok,ok,ok,StopLogging,,manifest_udita_1.csv
c734449e-f174-43c2-baa5-350d54b2dbf2,udita,482745810921,aws.credential-access.ssm-retrieve-securestring-parameters,credential-access,1,2026-07-08T18:49:52.753009+00:00,2026-07-08T18:54:21.944912+00:00,ok,ok,ok,ok,DescribeParameters;GetParameters,,manifest_udita_1.csv
3489eef0-f89a-4f01-9458-877fc21a2ad0,udita,482745810921,aws.persistence.iam-create-backdoor-role,persistence,1,2026-07-08T18:54:21.946962+00:00,2026-07-08T18:57:20.295844+00:00,ok,ok,ok,ok,CreateRole;AttachRolePolicy,,manifest_udita_1.csv
c221edb6-27d3-40bd-b8e1-12200f94b16d,udita,482745810921,aws.credential-access.secretsmanager-retrieve-secrets,credential-access,3,2026-07-08T18:57:20.297003+00:00,2026-07-08T19:02:50.621033+00:00,FAILED,,,FAILED - MANUAL CHECK NEEDED,ListSecrets;GetSecretValue,"warmup: TIMEOUT after 300s: Command '['C:\\Users\\udita\\bin\\stratus.EXE', 'warmup', 'aws.credential-access.secretsmanager-retrieve-secrets']' timed out after 300 seconds | cleanup: --------------+--------+
| ID                                                    | NAME                                              | STATUS |
+-------------------------------------------------------+---------------------------------------------------+--------+
| aws.credential-access.secretsmanager-retrieve-secrets | Retrieve a High Number of Secrets Manager secrets | COLD   |
+-------------------------------------------------------+---------------------------------------------------+--------+",manifest_udita_1.csv
a4d5ed1d-e596-4c33-8d30-b2ad984b1d0b,udita,482745810921,aws.privilege-escalation.iam-update-user-login-profile,privilege-escalation,2,2026-07-08T19:02:50.631047+00:00,2026-07-08T19:06:04.645001+00:00,ok,ok,ok,ok,UpdateLoginProfile,,manifest_udita_1.csv
0d3954bd-b98c-4223-bc48-7e1132d70c49,udita,482745810921,aws.persistence.iam-create-backdoor-role,persistence,3,2026-07-08T19:06:04.646865+00:00,2026-07-08T19:07:23.312104+00:00,ok,ok,ok,ok,CreateRole;AttachRolePolicy,,manifest_udita_1.csv
f6ff8d79-4ed8-4c5f-95b2-ce880abbf759,udita,482745810921,aws.persistence.iam-create-admin-user,persistence,2,2026-07-08T19:07:23.313148+00:00,2026-07-08T19:08:44.126944+00:00,ok,ok,ok,ok,CreateUser;AttachUserPolicy,,manifest_udita_1.csv
9475b73f-d6e2-40ed-8ee7-42d85fb9d5e2,udita,482745810921,aws.defense-evasion.cloudtrail-event-selectors,defense-evasion,1,2026-07-08T19:08:44.127858+00:00,2026-07-08T19:11:11.978559+00:00,ok,ok,ok,ok,PutEventSelectors,,manifest_udita_1.csv
422bb0f5-fd6e-4d4c-84f0-c8706736e684,udita,482745810921,aws.credential-access.secretsmanager-retrieve-secrets,credential-access,2,2026-07-08T19:11:11.980018+00:00,2026-07-08T19:12:52.590381+00:00,ok,ok,ok,ok,ListSecrets;GetSecretValue,,manifest_udita_1.csv
196c540a-4407-4190-b05c-ef5bbed52d7c,udita,482745810921,aws.credential-access.ec2-get-password-data,credential-access,2,2026-07-08T19:12:52.591511+00:00,2026-07-08T19:15:37.899071+00:00,ok,ok,ok,ok,AssumeRole;GetPasswordData,,manifest_udita_1.csv
58095da0-5da6-424a-8daa-78239d3b2bfb,udita,482745810921,aws.credential-access.ssm-retrieve-securestring-parameters,credential-access,2,2026-07-08T19:15:37.900215+00:00,2026-07-08T19:18:10.562019+00:00,ok,ok,ok,ok,DescribeParameters;GetParameters,,manifest_udita_1.csv
96c1f026-8ccc-4be9-b09f-7b40f6d1a119,udita,482745810921,aws.persistence.lambda-backdoor-function,persistence,3,2026-07-08T19:18:10.573965+00:00,2026-07-08T19:20:19.927971+00:00,ok,ok,ok,ok,AddPermission20150331v2,,manifest_udita_1.csv
b9044b79-f655-4cf9-bd28-1fd7fd8f6b5a,udita,482745810921,aws.privilege-escalation.iam-update-user-login-profile,privilege-escalation,3,2026-07-08T19:20:19.929256+00:00,2026-07-08T19:22:06.525639+00:00,ok,ok,ok,ok,UpdateLoginProfile,,manifest_udita_1.csv
8e45208c-a86e-4333-8d9b-68378adb3d80,udita,482745810921,aws.persistence.lambda-backdoor-function,persistence,1,2026-07-08T19:22:06.526716+00:00,2026-07-08T19:25:00.055011+00:00,ok,ok,ok,ok,AddPermission20150331v2,,manifest_udita_1.csv
b92c4bbb-8bc6-44da-979b-1d7f04a0fe09,udita,482745810921,aws.persistence.iam-create-user-login-profile,persistence,1,2026-07-08T19:25:00.064435+00:00,2026-07-08T19:27:25.692666+00:00,ok,ok,ok,ok,CreateLoginProfile,,manifest_udita_1.csv
a2ac7b1e-ffa9-48b0-9168-5d27dcd0639d,udita,482745810921,aws.persistence.iam-backdoor-user,persistence,1,2026-07-08T19:27:25.693956+00:00,2026-07-08T19:30:55.816714+00:00,ok,ok,ok,ok,CreateAccessKey,,manifest_udita_1.csv
d03c9711-622a-41f1-b43c-e5ffefdbef3e,udita,482745810921,aws.defense-evasion.cloudtrail-stop,defense-evasion,1,2026-07-08T19:30:55.817683+00:00,2026-07-08T19:34:23.640926+00:00,ok,ok,ok,ok,StopLogging,,manifest_udita_1.csv
d66e4ad3-39ae-4c18-9a32-af16ca00769d,udita,482745810921,aws.persistence.iam-create-user-login-profile,persistence,2,2026-07-08T19:34:23.642661+00:00,2026-07-08T19:38:41.107324+00:00,ok,ok,ok,ok,CreateLoginProfile,,manifest_udita_1.csv
383e7f90-04bb-4011-a9d1-c3cfb29148fe,udita,482745810921,aws.persistence.iam-create-admin-user,persistence,3,2026-07-08T19:38:41.108325+00:00,2026-07-08T19:40:22.366661+00:00,ok,ok,ok,ok,CreateUser;AttachUserPolicy,,manifest_udita_1.csv
48f88037-ff10-490f-9f3d-51de747b197e,udita,482745810921,aws.privilege-escalation.iam-update-user-login-profile,privilege-escalation,1,2026-07-08T19:40:22.367689+00:00,2026-07-08T19:43:11.558648+00:00,ok,ok,ok,ok,UpdateLoginProfile,,manifest_udita_1.csv
de6d7d81-f4d8-46f3-a472-a46be8560814,udita,482745810921,aws.persistence.iam-create-backdoor-role,persistence,2,2026-07-08T19:43:11.559786+00:00,2026-07-08T19:44:34.696943+00:00,ok,ok,ok,ok,CreateRole;AttachRolePolicy,,manifest_udita_1.csv
5a42224a-6628-4f55-9d55-258e3ab6e911,udita,482745810921,aws.credential-access.ssm-retrieve-securestring-parameters,credential-access,3,2026-07-08T19:44:34.697978+00:00,2026-07-08T19:47:55.409315+00:00,ok,ok,ok,ok,DescribeParameters;GetParameters,,manifest_udita_1.csv
2672ffff-202a-4972-9a3d-b30316fab1b6,udita,482745810921,aws.persistence.iam-backdoor-user,persistence,3,2026-07-08T19:47:55.410541+00:00,2026-07-08T19:50:33.128262+00:00,ok,ok,ok,ok,CreateAccessKey,,manifest_udita_1.csv
56f35981-f20e-4a26-8a2c-efb460baf14c,udita,482745810921,aws.defense-evasion.cloudtrail-stop,defense-evasion,3,2026-07-08T19:50:33.129409+00:00,2026-07-08T19:53:17.886954+00:00,ok,ok,ok,ok,StopLogging,,manifest_udita_1.csv
d75dad41-959d-47a0-bc7d-e6d7dcb2e686,udita,482745810921,aws.defense-evasion.cloudtrail-event-selectors,defense-evasion,3,2026-07-08T19:53:17.887847+00:00,2026-07-08T19:56:05.174747+00:00,ok,ok,ok,ok,PutEventSelectors,,manifest_udita_1.csv
30e2733c-f4ff-4850-acc5-1c78a658ae47,udita,482745810921,aws.defense-evasion.cloudtrail-event-selectors,defense-evasion,2,2026-07-08T19:56:05.176161+00:00,2026-07-08T19:59:24.833405+00:00,ok,ok,ok,ok,PutEventSelectors,,manifest_udita_1.csv
54133642-ab43-4265-a574-2cbf98b509aa,udita,482745810921,aws.persistence.iam-create-admin-user,persistence,1,2026-07-08T19:59:24.834648+00:00,2026-07-08T20:00:42.861001+00:00,ok,ok,ok,ok,CreateUser;AttachUserPolicy,,manifest_udita_1.csv
80cc5eb9-e1de-4322-b975-fc2210393b16,udita,482745810921,aws.credential-access.secretsmanager-retrieve-secrets,credential-access,1,2026-07-08T20:00:42.861971+00:00,2026-07-08T20:02:56.888413+00:00,ok,ok,ok,ok,ListSecrets;GetSecretValue,,manifest_udita_1.csv
a2498c13-9c54-471b-b774-74798c8cee56,udita,482745810921,aws.persistence.iam-backdoor-user,persistence,2,2026-07-08T20:02:56.889263+00:00,2026-07-08T20:05:32.372808+00:00,ok,ok,ok,ok,CreateAccessKey,,manifest_udita_1.csv
3b7f5356-3174-4378-9f70-de4978ceaae7,udita,482745810921,aws.persistence.iam-create-user-login-profile,persistence,3,2026-07-08T20:05:32.374164+00:00,2026-07-08T20:08:03.284208+00:00,ok,ok,ok,ok,CreateLoginProfile,,manifest_udita_1.csv
e3e237f3-2906-4777-b936-e33c8e319419,vansh,536697249497,aws.credential-access.ssm-retrieve-securestring-parameters,credential-access,1,2026-07-06T09:29:01.492114+00:00,2026-07-06T09:31:52.209835+00:00,ok,ok,ok,ok,DescribeParameters;GetParameters,,manifest_vansh.csv
6b2ff44c-456e-4891-8a85-04746cbdc8e7,vansh,536697249497,aws.persistence.iam-create-backdoor-role,persistence,2,2026-07-06T09:35:38.744875+00:00,2026-07-06T09:36:14.364145+00:00,ok,ok,ok,ok,CreateRole;AttachRolePolicy,,manifest_vansh.csv
9dd53175-897f-4bd0-b8d6-ec006066b540,vansh,536697249497,aws.privilege-escalation.iam-update-user-login-profile,privilege-escalation,3,2026-07-06T09:36:14.365145+00:00,2026-07-06T09:38:20.000455+00:00,ok,ok,ok,ok,UpdateLoginProfile,,manifest_vansh.csv
f5178ea8-1a0c-4004-ad0a-e067545b7d5a,vansh,536697249497,aws.persistence.iam-create-user-login-profile,persistence,3,2026-07-06T09:38:20.002430+00:00,2026-07-06T09:40:14.013280+00:00,ok,ok,ok,ok,CreateLoginProfile,,manifest_vansh.csv
b2be1e2e-16d1-447a-ad7d-fedd147e2644,vansh,536697249497,aws.privilege-escalation.iam-update-user-login-profile,privilege-escalation,2,2026-07-06T09:40:14.014291+00:00,2026-07-06T09:41:42.180648+00:00,ok,ok,ok,ok,UpdateLoginProfile,,manifest_vansh.csv
98179a23-bbd6-4f03-a9db-eb23c44c14ba,vansh,536697249497,aws.credential-access.ssm-retrieve-securestring-parameters,credential-access,3,2026-07-06T09:41:42.181157+00:00,2026-07-06T09:44:07.249561+00:00,ok,ok,ok,ok,DescribeParameters;GetParameters,,manifest_vansh.csv
68d4a5a4-975b-4f6b-8cf0-58e301ee5d92,vansh,536697249497,aws.persistence.iam-create-backdoor-role,persistence,3,2026-07-06T09:44:07.250558+00:00,2026-07-06T09:44:44.696393+00:00,ok,ok,ok,ok,CreateRole;AttachRolePolicy,,manifest_vansh.csv
c4fd2dfc-e4fd-4494-b308-2e18f78c6336,vansh,536697249497,aws.persistence.lambda-backdoor-function,persistence,1,2026-07-06T09:44:44.696393+00:00,2026-07-06T09:47:14.639522+00:00,ok,ok,ok,ok,AddPermission20150331v2,,manifest_vansh.csv
b2f7d923-5055-400c-a152-986f5053d290,vansh,536697249497,aws.persistence.lambda-backdoor-function,persistence,3,2026-07-06T09:47:14.640112+00:00,2026-07-06T09:49:09.171505+00:00,ok,ok,ok,ok,AddPermission20150331v2,,manifest_vansh.csv
3f869885-3704-44d8-bae1-458cd6d81353,vansh,536697249497,aws.defense-evasion.cloudtrail-event-selectors,defense-evasion,1,2026-07-06T09:49:09.172503+00:00,2026-07-06T09:51:10.349374+00:00,ok,ok,ok,ok,PutEventSelectors,,manifest_vansh.csv
81be1569-7c6e-4959-804a-f2677166763c,vansh,536697249497,aws.persistence.iam-create-admin-user,persistence,2,2026-07-06T09:51:10.350383+00:00,2026-07-06T09:51:54.923632+00:00,ok,ok,ok,ok,CreateUser;AttachUserPolicy,,manifest_vansh.csv
ccfe4758-8a47-4b8d-b147-78b50792e6a0,vansh,536697249497,aws.persistence.iam-backdoor-user,persistence,1,2026-07-06T09:51:54.924709+00:00,2026-07-06T09:53:43.952159+00:00,ok,ok,ok,ok,CreateAccessKey,,manifest_vansh.csv
6878d516-3ac5-4ae0-838f-a074d1ac8dc9,vansh,536697249497,aws.persistence.iam-backdoor-user,persistence,3,2026-07-06T09:53:43.953162+00:00,2026-07-06T09:55:17.172433+00:00,ok,ok,ok,ok,CreateAccessKey,,manifest_vansh.csv
a960efe0-754d-4ce6-b229-304316a7b50b,vansh,536697249497,aws.persistence.iam-create-user-login-profile,persistence,1,2026-07-06T09:55:17.173474+00:00,2026-07-06T09:57:04.115713+00:00,ok,ok,ok,ok,CreateLoginProfile,,manifest_vansh.csv
d382b986-5a71-4835-aa7c-66c07ace2f0f,vansh,536697249497,aws.persistence.iam-create-user-login-profile,persistence,2,2026-07-06T09:57:04.118461+00:00,2026-07-06T09:58:47.259457+00:00,ok,ok,ok,ok,CreateLoginProfile,,manifest_vansh.csv
b2745e5d-b414-41df-ab9e-761fc4ecfa2d,vansh,536697249497,aws.defense-evasion.cloudtrail-stop,defense-evasion,1,2026-07-06T09:58:47.260478+00:00,2026-07-06T10:00:54.136279+00:00,ok,ok,ok,ok,StopLogging,,manifest_vansh.csv
e149416e-afae-43b9-b410-f6c5a799a797,vansh,536697249497,aws.persistence.iam-create-admin-user,persistence,1,2026-07-06T10:00:54.137965+00:00,2026-07-06T10:01:58.786523+00:00,ok,ok,ok,ok,CreateUser;AttachUserPolicy,,manifest_vansh.csv
369ee92a-2e0a-4950-a4bc-84cc94a7a801,vansh,536697249497,aws.credential-access.ssm-retrieve-securestring-parameters,credential-access,2,2026-07-06T10:01:58.787533+00:00,2026-07-06T10:04:21.459990+00:00,ok,ok,ok,ok,DescribeParameters;GetParameters,,manifest_vansh.csv
1ae73923-647a-461c-a1f6-c8e1845f1725,vansh,536697249497,aws.credential-access.ec2-get-password-data,credential-access,2,2026-07-06T10:04:21.461001+00:00,2026-07-06T10:06:10.046874+00:00,ok,ok,ok,ok,AssumeRole;GetPasswordData,,manifest_vansh.csv
2a7428b9-7dca-4998-aa2a-2c6206420aea,vansh,536697249497,aws.credential-access.ec2-get-password-data,credential-access,1,2026-07-06T10:06:10.048426+00:00,2026-07-06T10:08:06.245364+00:00,ok,ok,ok,ok,AssumeRole;GetPasswordData,,manifest_vansh.csv
46d38383-b260-4ea8-afd4-11c524cdeac3,vansh,536697249497,aws.defense-evasion.cloudtrail-event-selectors,defense-evasion,3,2026-07-06T10:08:06.245364+00:00,2026-07-06T10:10:24.995443+00:00,ok,ok,ok,ok,PutEventSelectors,,manifest_vansh.csv
76f71efd-1e18-4a4e-8d18-2b945a1dcc2a,vansh,536697249497,aws.privilege-escalation.iam-update-user-login-profile,privilege-escalation,1,2026-07-06T10:10:24.996952+00:00,2026-07-06T10:12:00.403033+00:00,ok,ok,ok,ok,UpdateLoginProfile,,manifest_vansh.csv
4efd1186-0196-4a31-9c83-ecdb9e2e9e17,vansh,536697249497,aws.defense-evasion.cloudtrail-event-selectors,defense-evasion,2,2026-07-06T10:12:00.404032+00:00,2026-07-06T10:14:38.417780+00:00,ok,ok,ok,ok,PutEventSelectors,,manifest_vansh.csv
43d5b2f2-a136-4edb-8620-dee7277675de,vansh,536697249497,aws.defense-evasion.cloudtrail-stop,defense-evasion,3,2026-07-06T10:14:38.418381+00:00,2026-07-06T10:16:48.155412+00:00,ok,ok,ok,ok,StopLogging,,manifest_vansh.csv
0fe23565-04af-48fe-87b0-1395c8bbd715,vansh,536697249497,aws.persistence.lambda-backdoor-function,persistence,2,2026-07-06T10:16:48.156356+00:00,2026-07-06T10:18:27.788146+00:00,ok,ok,ok,ok,AddPermission20150331v2,,manifest_vansh.csv
60b9605b-f0f9-4aa1-b267-3ee0f88b2497,vansh,536697249497,aws.persistence.iam-create-backdoor-role,persistence,1,2026-07-06T10:18:27.789154+00:00,2026-07-06T10:19:29.952158+00:00,ok,ok,ok,ok,CreateRole;AttachRolePolicy,,manifest_vansh.csv
9413fd39-bbcf-476c-9126-66d89b8eeec6,vansh,536697249497,aws.credential-access.secretsmanager-retrieve-secrets,credential-access,1,2026-07-06T10:19:29.953140+00:00,2026-07-06T10:20:49.548858+00:00,ok,ok,ok,ok,ListSecrets;GetSecretValue,,manifest_vansh.csv
c5106646-d6fb-4aae-aee6-1fd4b636bf9a,vansh,536697249497,aws.credential-access.ec2-get-password-data,credential-access,3,2026-07-06T10:20:49.549847+00:00,2026-07-06T10:22:38.800440+00:00,ok,ok,ok,ok,AssumeRole;GetPasswordData,,manifest_vansh.csv
e5745438-9eb3-479a-915a-74be89b79447,vansh,536697249497,aws.credential-access.secretsmanager-retrieve-secrets,credential-access,2,2026-07-06T10:22:38.801433+00:00,2026-07-06T10:24:20.646919+00:00,ok,ok,ok,ok,ListSecrets;GetSecretValue,,manifest_vansh.csv
c6ef154a-4915-470d-a56b-0c6adb70f986,vansh,536697249497,aws.credential-access.secretsmanager-retrieve-secrets,credential-access,3,2026-07-06T10:24:20.647921+00:00,2026-07-06T10:25:52.732145+00:00,ok,ok,ok,ok,ListSecrets;GetSecretValue,,manifest_vansh.csv
6c06f13c-70a1-4a00-81e3-f7ff99b3ad7a,vansh,536697249497,aws.persistence.iam-backdoor-user,persistence,2,2026-07-06T10:25:52.734592+00:00,2026-07-06T10:26:56.930625+00:00,ok,ok,ok,ok,CreateAccessKey,,manifest_vansh.csv
942989cb-b793-4671-874d-4d57e0cdc957,vansh,536697249497,aws.defense-evasion.cloudtrail-stop,defense-evasion,2,2026-07-06T10:26:56.930625+00:00,2026-07-06T10:28:45.144702+00:00,ok,ok,ok,ok,StopLogging,,manifest_vansh.csv
d5c36664-7d18-4958-894e-4a73ea859b5c,vansh,536697249497,aws.persistence.iam-create-admin-user,persistence,3,2026-07-06T10:28:45.145698+00:00,2026-07-06T10:29:38.293202+00:00,ok,ok,ok,ok,CreateUser;AttachUserPolicy,,manifest_vansh.csv
8ef8c665-c943-460e-92c2-eb3e99c7bebb,vansh,536697249497,aws.credential-access.ssm-retrieve-securestring-parameters,credential-access,1,2026-07-06T10:29:38.294111+00:00,2026-07-06T10:31:52.831634+00:00,ok,ok,ok,ok,DescribeParameters;GetParameters,,manifest_vansh.csv
1947d208-3706-4ee4-a7a5-3a87181e8281,vansh,536697249497,aws.credential-access.ec2-get-password-data,credential-access,2,2026-07-15T06:43:56.454131+00:00,2026-07-15T06:45:55.167548+00:00,ok,ok,ok,ok,AssumeRole;GetPasswordData,,manifest_vansh.csv
59c19a9f-0985-4bb0-8f7d-865cc42c7b5f,vansh,536697249497,aws.privilege-escalation.iam-update-user-login-profile,privilege-escalation,1,2026-07-15T06:45:55.169075+00:00,2026-07-15T06:47:34.072530+00:00,ok,ok,ok,ok,UpdateLoginProfile,,manifest_vansh.csv
9d7498a2-5838-4dcb-925c-003b05ad4210,vansh,536697249497,aws.persistence.iam-create-user-login-profile,persistence,3,2026-07-15T06:47:34.075543+00:00,2026-07-15T06:49:19.303265+00:00,ok,ok,ok,ok,CreateLoginProfile,,manifest_vansh.csv
4f99807e-d47c-476d-82a6-2f2330cdf1a4,vansh,536697249497,aws.persistence.iam-backdoor-user,persistence,3,2026-07-15T06:49:19.303772+00:00,2026-07-15T06:51:14.850319+00:00,ok,ok,ok,ok,CreateAccessKey,,manifest_vansh.csv
1926e476-b68c-44a3-8249-428fced523c0,vansh,536697249497,aws.persistence.iam-create-user-login-profile,persistence,2,2026-07-15T06:51:14.852376+00:00,2026-07-15T06:52:47.001105+00:00,ok,ok,ok,ok,CreateLoginProfile,,manifest_vansh.csv
d90b802c-98e4-456d-9ce4-070675dd03f1,vansh,536697249497,aws.defense-evasion.cloudtrail-stop,defense-evasion,3,2026-07-15T06:52:47.005120+00:00,2026-07-15T06:54:59.708858+00:00,ok,ok,ok,ok,StopLogging,,manifest_vansh.csv
4d808e66-5060-42f2-8400-cd37f7431236,vansh,536697249497,aws.defense-evasion.cloudtrail-event-selectors,defense-evasion,3,2026-07-15T06:54:59.709871+00:00,2026-07-15T06:57:22.837348+00:00,ok,ok,ok,ok,PutEventSelectors,,manifest_vansh.csv
bce577d8-dac0-4609-bc07-146de761d415,vansh,536697249497,aws.persistence.iam-create-admin-user,persistence,2,2026-07-15T06:57:22.837348+00:00,2026-07-15T06:58:14.647595+00:00,ok,ok,ok,ok,CreateUser;AttachUserPolicy,,manifest_vansh.csv
fec355c8-be5c-404f-a216-ebbe29fc262d,vansh,536697249497,aws.credential-access.secretsmanager-retrieve-secrets,credential-access,2,2026-07-15T06:58:14.647595+00:00,2026-07-15T06:59:54.037118+00:00,ok,ok,ok,ok,ListSecrets;GetSecretValue,,manifest_vansh.csv
e91c1313-3261-4df3-a851-92e17d909805,vansh,536697249497,aws.persistence.lambda-backdoor-function,persistence,1,2026-07-15T06:59:54.038117+00:00,2026-07-15T07:01:53.631572+00:00,ok,ok,ok,ok,AddPermission20150331v2,,manifest_vansh.csv
eb390c09-3cf9-45e9-aa51-8d79c45a6006,vansh,536697249497,aws.credential-access.ssm-retrieve-securestring-parameters,credential-access,3,2026-07-15T07:01:53.632581+00:00,2026-07-15T07:04:32.187717+00:00,ok,ok,ok,ok,DescribeParameters;GetParameters,,manifest_vansh.csv
2e3873d6-c140-431f-85f6-6c8cb25e2490,vansh,536697249497,aws.persistence.iam-create-admin-user,persistence,3,2026-07-15T07:04:32.193953+00:00,2026-07-15T07:05:15.593271+00:00,ok,ok,ok,ok,CreateUser;AttachUserPolicy,,manifest_vansh.csv
9e207040-6dc4-4a57-aad3-40e1a26819ae,vansh,536697249497,aws.persistence.iam-backdoor-user,persistence,1,2026-07-15T07:05:15.595225+00:00,2026-07-15T07:07:08.722472+00:00,ok,ok,ok,ok,CreateAccessKey,,manifest_vansh.csv
20254a80-ce8f-41dd-a3b0-bf7c377e8378,vansh,536697249497,aws.credential-access.ssm-retrieve-securestring-parameters,credential-access,2,2026-07-15T07:07:08.724695+00:00,2026-07-15T07:10:07.752300+00:00,ok,ok,ok,ok,DescribeParameters;GetParameters,,manifest_vansh.csv
5a01d596-6f0b-4df0-b5e8-2f2b16bd0599,vansh,536697249497,aws.credential-access.secretsmanager-retrieve-secrets,credential-access,1,2026-07-15T07:10:07.753830+00:00,2026-07-15T07:11:49.325485+00:00,ok,ok,ok,ok,ListSecrets;GetSecretValue,,manifest_vansh.csv
7422af00-f5ce-480f-be44-c7eee1250852,vansh,536697249497,aws.persistence.iam-create-user-login-profile,persistence,1,2026-07-15T07:11:49.325992+00:00,2026-07-15T07:13:04.396884+00:00,ok,ok,ok,ok,CreateLoginProfile,,manifest_vansh.csv
4600989c-578b-4e80-a75b-b8a494e6b190,vansh,536697249497,aws.privilege-escalation.iam-update-user-login-profile,privilege-escalation,3,2026-07-15T07:13:04.398917+00:00,2026-07-15T07:14:37.707445+00:00,ok,ok,ok,ok,UpdateLoginProfile,,manifest_vansh.csv
a9ac07c9-ed32-464a-86db-fc4c935e7423,vansh,536697249497,aws.credential-access.ec2-get-password-data,credential-access,1,2026-07-15T07:14:37.710009+00:00,2026-07-15T07:16:47.895471+00:00,ok,ok,ok,ok,AssumeRole;GetPasswordData,,manifest_vansh.csv
f7d2648b-a774-467a-9ff6-3f3aca16256a,vansh,536697249497,aws.privilege-escalation.iam-update-user-login-profile,privilege-escalation,2,2026-07-15T07:16:47.897483+00:00,2026-07-15T07:18:15.200222+00:00,ok,ok,ok,ok,UpdateLoginProfile,,manifest_vansh.csv
c9a3eac5-fd7e-4e7a-be0b-5ae7a9405792,vansh,536697249497,aws.persistence.lambda-backdoor-function,persistence,2,2026-07-15T07:18:15.201745+00:00,2026-07-15T07:20:12.866287+00:00,ok,ok,ok,ok,AddPermission20150331v2,,manifest_vansh.csv
9b672d7e-6123-44d2-b6f4-9cf3a2f3ae6c,vansh,536697249497,aws.persistence.iam-backdoor-user,persistence,2,2026-07-15T07:20:12.867285+00:00,2026-07-15T07:21:47.920835+00:00,ok,ok,ok,ok,CreateAccessKey,,manifest_vansh.csv
58ebc52b-43a3-4060-8947-5aaaa2d64da4,vansh,536697249497,aws.persistence.lambda-backdoor-function,persistence,3,2026-07-15T07:21:47.922336+00:00,2026-07-15T07:23:47.012944+00:00,ok,ok,ok,ok,AddPermission20150331v2,,manifest_vansh.csv
b94f2c77-4e3b-4a70-926d-20abbae130ed,vansh,536697249497,aws.credential-access.ec2-get-password-data,credential-access,3,2026-07-15T07:23:47.014054+00:00,2026-07-15T07:25:17.000440+00:00,ok,ok,ok,ok,AssumeRole;GetPasswordData,,manifest_vansh.csv
e2277dbe-5a3a-4156-923e-4d1aa3903f29,vansh,536697249497,aws.persistence.iam-create-admin-user,persistence,1,2026-07-15T07:25:17.003486+00:00,2026-07-15T07:26:19.543195+00:00,ok,ok,ok,ok,CreateUser;AttachUserPolicy,,manifest_vansh.csv
dd58b341-fe52-4a39-914e-351ac876d1b3,vansh,536697249497,aws.credential-access.secretsmanager-retrieve-secrets,credential-access,3,2026-07-15T07:26:19.545640+00:00,2026-07-15T07:28:37.239637+00:00,ok,ok,ok,ok,ListSecrets;GetSecretValue,,manifest_vansh.csv
cfddb28b-cdc2-42cf-b990-85a058f14d1b,vansh,536697249497,aws.persistence.iam-create-backdoor-role,persistence,3,2026-07-15T07:28:37.240639+00:00,2026-07-15T07:29:14.972541+00:00,ok,ok,ok,ok,CreateRole;AttachRolePolicy,,manifest_vansh.csv
6acf3516-069c-41af-9aae-83e95f3ce056,vansh,536697249497,aws.defense-evasion.cloudtrail-stop,defense-evasion,1,2026-07-15T07:29:14.973555+00:00,2026-07-15T07:30:52.169287+00:00,ok,ok,ok,ok,StopLogging,,manifest_vansh.csv
7b850436-a924-46b6-94d5-852271002c69,vansh,536697249497,aws.credential-access.ssm-retrieve-securestring-parameters,credential-access,1,2026-07-15T07:30:52.170298+00:00,2026-07-15T07:33:28.487419+00:00,ok,ok,ok,ok,DescribeParameters;GetParameters,,manifest_vansh.csv
39202576-dd55-4d32-a26d-737a81e05f95,vansh,536697249497,aws.defense-evasion.cloudtrail-event-selectors,defense-evasion,1,2026-07-15T07:33:28.488737+00:00,2026-07-15T07:35:42.840782+00:00,ok,ok,ok,ok,PutEventSelectors,,manifest_vansh.csv
625e13ca-0b7b-4e9f-a3c8-c5e87640d85c,vansh,536697249497,aws.persistence.iam-create-backdoor-role,persistence,2,2026-07-15T07:35:42.841784+00:00,2026-07-15T07:36:37.849191+00:00,ok,ok,ok,ok,CreateRole;AttachRolePolicy,,manifest_vansh.csv
622d46f4-d56d-4d98-8120-e73ef2a3221b,vansh,536697249497,aws.persistence.iam-create-backdoor-role,persistence,1,2026-07-15T07:36:37.850860+00:00,2026-07-15T07:37:31.999422+00:00,ok,ok,ok,ok,CreateRole;AttachRolePolicy,,manifest_vansh.csv
2ff6c879-29a6-4b6a-a91f-d61b08d6dccb,vansh,536697249497,aws.defense-evasion.cloudtrail-event-selectors,defense-evasion,2,2026-07-15T07:37:32.000438+00:00,2026-07-15T07:39:34.015224+00:00,ok,ok,ok,ok,PutEventSelectors,,manifest_vansh.csv
061d0491-bb37-4429-8143-182e8e23c941,vansh,536697249497,aws.defense-evasion.cloudtrail-stop,defense-evasion,2,2026-07-15T07:39:34.016231+00:00,2026-07-15T07:41:20.716928+00:00,ok,ok,ok,ok,StopLogging,,manifest_vansh.csv
