epoch,train_loss,lr,syn_val_auc_pr,dev_session_auc_pr,dev_session_best_f1,dev_event_auc_pr,dev_session_auc_roc,select_key
1,0.9098492622375488,0.0008,0.8221810774791241,0.89,0.8794,0.4709,0.9804595997034842,"[0.89, 0.8794, 0.4709]"
2,0.49628325390815736,0.0008,0.9688966661801408,0.7995,0.7482,0.3483,0.9496515937731652,"[0.7995, 0.7482, 0.3483]"
3,0.45588711738586424,0.0008,0.988348908638892,0.7607,0.7086,0.3134,0.930763528539659,"[0.7607, 0.7086, 0.3134]"
4,0.4270622034072876,0.0008,0.9915367865377036,0.7479,0.7296,0.3723,0.9180726464047442,"[0.7479, 0.7296, 0.3723]"
5,0.41319756722450257,0.0008,0.9963154984502167,0.8012,0.7799,0.3251,0.9437212750185324,"[0.8012, 0.7799, 0.3251]"
6,0.40347989320755007,0.0004,0.9969145426887996,0.8211,0.7972,0.3278,0.9396293550778354,"[0.8211, 0.7972, 0.3278]"
7,0.3985968568325043,0.0004,0.9961917313284743,0.8248,0.8158,0.3284,0.9534766493699036,"[0.8248, 0.8158, 0.3284]"
8,0.39380927324295045,0.0004,0.9970420411941255,0.7826,0.7534,0.2776,0.9228169014084509,"[0.7826, 0.7534, 0.2776]"
9,0.3996600179672241,0.0004,0.9970652849776187,0.7614,0.7639,0.286,0.9224017790956263,"[0.7614, 0.7639, 0.286]"
10,0.3937013475894928,0.0002,0.9984944535398086,0.7924,0.7945,0.3038,0.9385618977020016,"[0.7924, 0.7945, 0.3038]"
11,0.38766395950317384,0.0002,0.9986446078045195,0.7773,0.7945,0.2892,0.9358932542624165,"[0.7773, 0.7945, 0.2892]"
12,0.3849644377231598,0.0002,0.9982835734063719,0.779,0.7832,0.2828,0.9308228317272054,"[0.779, 0.7832, 0.2828]"
13,0.39369483971595765,0.0002,0.9984633257880411,0.7845,0.766,0.2647,0.9263454410674574,"[0.7845, 0.766, 0.2647]"
