feature,session_ap_drop,event_ap_drop
log_seconds_since_prev,0.0635,0.0437
event_name,0.0429,0.1428
action_risk_prior,0.0389,0.0555
is_recon_action,0.037,-0.0325
log_secs_since_pe,0.0306,-0.0059
is_write_action,0.0295,-0.0005
is_secrets_or_kms,0.0114,-0.0347
is_create_key,0.01,0.0016
target_permission_coverage,0.0092,0.0006
pe_write_recent,0.009,0.0067
principal_handoff,0.0089,-0.0008
lineage_enabling_steps_normalized,0.008,0.0009
event_source_idx,0.0062,-0.0277
permission_expansion_score,0.0062,0.0008
privileged_action_reach,0.0056,0.0008
principal_type_idx,0.0054,0.0012
is_defense_evasion,0.0028,-0.0006
privilege_delta,0.0026,0.001
action_velocity,0.0012,0.0002
targets_sensitive_resource,0.0005,-0.0008
principal_type_prior_risk,0.0004,0.0006
time_cos,0.0004,0.0039
events_per_minute_normalized,0.0004,0.0135
has_access_key,0.0003,-0.0002
is_public_ip,0.0001,0.0
read_only_absent,0.0,0.0
has_wildcard_action,0.0,0.0
is_malicious_user_agent,0.0,0.0
is_new_action,-0.0001,-0.0004
is_non_default_region,-0.0001,-0.001
is_access_denied,-0.0003,0.0001
is_weekend,-0.0004,-0.0004
time_sin,-0.0014,0.0017
new_permission_count_log,-0.0016,0.0001
is_iam_event,-0.0027,-0.0014
policy_statement_count_normalized,-0.0029,-0.0
is_permission_modification,-0.0029,0.0017
causal_depth_normalized,-0.0038,-0.0012
has_wildcard_resource,-0.0044,-0.0001
is_get_caller_identity,-0.0045,0.0
is_off_hours,-0.005,0.0017
has_error,-0.0079,-0.0046
actor_permission_coverage,-0.0098,-0.0016
session_duration_normalized,-0.0285,0.0251
